"product_id","product_title"
"B012P7UPSM","Chicago Blackhawks Adult Cuff Knit Beanie w/ Pom One Size Fits All NHL Authentic Hat Cap - OSFA"
"B001GQ3VHG","Copag Poker Size Regular Index 1546 Playing Cards 2 decks (Black Gold Setup)"
"B008VS8M58","Baoer 223 5.56x45mm Caliber Cartridge Laser Bore Sighter Boresighter"
"B005F06F4U","All Terrain Tackle Jig - Grass Master - June Bug - 3/4oz- 2 Pack"
"B010T4IE2C","Swim Cap - 3 Pack (Blue, Black & Red)"
"B004RKJGLS","adidas Men's Sport Performance Climalite Boxer Brief, Two-Pack"
"B005V3DCBU","Nike Men's Performance Cotton Cushioned Crew Socks"
"B00MHT9WN8","Green Bay Packers NFL Team Apparel Women's Forward Progress Shirt Plus Sizes"
"B001CSIRQ8","Isokinetics Inc. Adjustable Balance Board - 16.5"" Round - 2 Levels of Difficulty - For Exercise and Physical Therapy"
"B001KZ3NOO","Aottop Quality Electronic Digital Vernier Caliper"
"B00005RCQS","Everlast 2'x6' Folding Mat"
"B00FA7RWVI","OGIO Men's Shredder Stand Bag"
"B000MMH2HU","Blue Sea Systems A-Series Double Blank Mounting Panel"
"B00WJOATDS","Zengi AR15 45 Degree Offset Front and Rear Flip up Iron Sights, Back-up Iron Sights B.I.U.S"
"B00BOM2JNY","Black Mountain Products Static Strength Exercise Stability Ball with Pump, 2000 lb/55cm, Blue"
"B00OD5GAFM","Trijicon VCOG 1-6x24 Riflescope Ballistic Reticle"
"B00CAHDC1K","Naruto Headband for Ninja Shinobi - Sand Village (Sunagakure)"
"B004NLHXLG","Under Armour Men's Resistor Low-Cut Socks (6 Pack)"
"B00L7OANWI","Yes4All Deep Tissue Massage AccuPoint Roller (Clearance Sale)"
"B0085PPSIQ","Lansky PS-MED01 BladeMedic"
"B003WWQO94","Champion Sports Colored Lacrosse Balls: Official Size for Professional, College & Grade School Games - NCAA, NFHS, Certified"
"B00APSXA54","Callaway Men's RAZR X NG Iron Set"
"B00ZPTA41G","NCAA Hover Helmet - Collectible Levitating Football Helmet with Electromagnetic Stand"
"B00AAHIRKS","Gerber 31-001098 Remix Tactical"
"B0099WGZRW","InForce WML, Multifunction Weapon Mounted Light, White and Infrared LED, 200 INF-WML-S-W-IR"
"B00K5503O8","Fixxxer Rear Cover Plate fits Springfield XDs, Tactical Skull design"
"B00GV6J8WI","Wilson NFL MVP Football"
"B00NSWHZCS","Rukket 10x7ft Haack Golf Net | Practice Driving Indoor and Outdoor | Golfing at Home Swing Training Aids | By SEC Coach Chris Haack"
"B013F06TCO","Rodut (TM) Adjustable Right Handed Tactical Leg Holster For Pistol,"
"B00OYSEH1M","Kidder Infant Flexback Biolite Life Jacket"
"B00NAHA6HC","Ultimate Arms Gear 5 Pack 357 Magnum 38 Special Full Moon Clips 7 Round Smith & Wesson S&W Model 686 & 7 Shot L Frames Revolvers"
"B00I1CJOA6","Under Armour Men's HeatGear No Show Socks (3 Pair)"
"B002TSPE5C","Sitting Stepper"
"B00545UBYQ","Leather Front Pocket Holster For COLT POCKETLITE .380"
"B00169CU66","Total Gym XLS â€“ Universal Home Gym for Total Body Workout"
"B005DUUL9W","BEP Battery Switches"
"B00T4XAVKS","Black & Denver Orange Spirit Pom Poms"
"B00806KGY6","Covert Code Black Wireless Game Camera Mossy Oak"
"B001CF3L80","Jugs Bucket of Small-Balls (4 dozen)"
"B00162UHEA","Lee Precision 3 Jaw Chuck"
"B000IDRRY6","Rothco Vintage Paratrooper Fatigues"
"B00EY83KQ0","Phileex Fishing Scale Gear Fish Lip Grip Grabber Holder Gripper with Scale Stainless Steel Portable for Ourtdoor Fishing"
"B00JSTQQNE","Stealth Cam G42NG No Glo Security Box by CamLockBox"
"B0085AOZIK","Spalding NBA Slam Jam Over-The-Door Mini Basketball Hoop"
"B007595TKU","Exerpeutic Folding Magnetic Upright Bike with Pulse"
"B007SXKVY2","TAC Force TF-710 Series Liner Lock Assisted Opening Folding Knife, Two-Tone Half-Serrated Blade, 5-Inch Closed"
"B012BBJ49I","Zipper Sweatband Wristband Sport Wrist Arm Wallet"
"B003DV9JGO","KT TAPE PRO Kinesiology Sports Tape, 20 Precut 10 Inch Strips, 100% Synthetic, Water Resistant, Breathable, Free Videos, Pro & Olympic Choice"
"B00SSC96XY","Shandali Gosweat Hot Yoga Towel"
"B0006Z9YKQ","Tie Down Kit (Package Of Twelve)"
"B00TY42PS8","Ringside Boxing Kickboxing Muay Thai Training Punching Bag Mitts IMF Tech Hook & Loop Sparring Gloves"
"B001U1JAJU","Galco Ankle Glove / Ankle Holster for Walther PPK, PPKS"
"B00UOJHUJQ","Callaway Opti-Dri Striped Golf Polo 2015 CLOSEOUT Heather Large"
"B00OL52DEG","Under Armour Storm Hustle II Backpack"
"B00VH43ZV4","Jordan Men's Nike Flight Classic Full Zip Hoodie-Black-Medium"
"B001O0DIBS","Attwood LED 2-Mile Deck Mount Navigation Bow Light, Stainless Steel"
"B00KI58AAE","GRFGB40138 - Griffin Technology Shoe Pouch for Fitbit"
"B0009TAH64","Meprolight CZ Tru-Dot Night Sight for 75, 83 & 85. Fixed set"
"B00G3P90VQ","Deluxe Inversion Table Pro Fitness Chiropractic Table Exercise Back Reflexology"
"B004VXIPRM","Pickleball, Inc. Champion Graphite Pickleball Paddle - Vintage Style"
"B0050JH3XS","S&W 36, 37, 60, 317 AIRLITE, 650, .38 CAL CHIEFS SPECIAL, CHARTER ARMS, PATHFINDER, UNDERCOVER, S&W BODYGUARD .38, 49, 442-1, AIRWEIGHT, 638-2, 640, 642-1 LADY SMITH; 649, 940 Small of back SOB Concealed Carry Leather Holster"
"B010BPOR2A","Bitly Plantar Fasciitis Socks (1 Pair) Premium Ankle Support foot Compression Sleeve"
"B0035NCA0W","DALLAS COWBOYS NFL LICENSED HOUSE OFFICE KEY"
"B00YN55VKM","TITAN SurvivorCord | 100 Foot Hank | Patented Military Type III 550 Paracord / Parachute Cord (3/16"" Diameter) with Integrated Fishing Line, Fire-Starter, and Snare Wire. FREE Paracord Projects eBook."
"B001O0DITA","Attwood Traditional Style All-Round  Frosted Globe Light"
"B00SKLAM5Y","Fisherman Eyewear Slim Vision Rimless Reading Glasses with Temples (+3.00)"
"B0006PRN86","Tourna Grip XL Original Dry Feel Tennis Grip"
"B00UV3BE06","Mens 18"" Inch Duffel Duffle Molle Tactical Carry On Shoulder Bag + Key Ring Carabiner"
"B005H2TQAQ","Ruger LC9 Sneaky Pete Holster (Belt Loop)"
"B00ZD6B0N2","Five Star Home Goods Yoga Pilates Sock & Glove Set - Non Slip Socks for All Types of Indoor Fitness & Exercise Routines - Fingerless Gloves to Keep Hands Sweat Free & Clean - Suitable for Men or Women"
"B00JFNGTC6","Nike Women's Performance Cotton Cushioned Quarter Running Socks 3pack Sz M Shoe Size 6-10"
"B009LA8ZDY","Bracoo Knee Strap - Running, Basketball, Pain Relief for Jumper's and Runner's Knee, Patella support"
"B008761FDK","Yak Gear Deck Kit"
"B00XGNU3W8","Premium Lady Silicone Swim Cap for Long Hair With Beautiful Design Highly Elastic & Large Stretch - Greater Durability Than Latex Swimming Caps - Suitable For Girls With Long Thick, or Curly Hair - The Best Swim Cap On The Market - 100% Satisfaction Or Money Back Guarantee (Rose Red)"
"B00IXDBRNA","NFL Kansas City Chiefs Primetime Laptop Backpack"
"B0000AY6UV","WeatherHawk SM-18 SkyMate Hand-Held Wind Meter, Yellow"
"B000K6WKNE","Tear-Aid"
"B00SM93ECC","Fixed Knife Blade, Tactical, with Sheath. Use Hunting, Camping, Fishing, Skinning or Survival. Best 440 Stainless Steel, Small, Compact Tanto. Limited Availability."
"B0002TT3AW","Ultra Pro 80 Card Deck Box - Red"
"B0068NHG7S","Gun Storage Solutions Pack of 4 Original Handgun Hangers"
"B002IEE7KU","A-Zoom 223 Rem Precision Snap Caps (2 Pack)"
"B003XZR778","Fury Skipper Filet Knife, Blue Polycarbonate Handle with Orange Tip, 12.25-Inch"
"B000C9KZ18","Hugger Mugger Cork Yoga Block"
"B000O8D406","Jabsco 37041-0010 Marine Marine Electric Toilet Macerator Sub Assembly Kit, 12-Volt, 37010-Series,Black"
"B0031LKYMY","X Rocker 51396 Pro Series Pedestal 2.1 Video Gaming Chair, Wireless"
"B00GXH0VTO","Adams Golf Hybrid Stand Bag HY1405 (Navy)"
"B000T26KDA","V-Line Hide Away Keyless Security System for Valubles and Firearms (Black)"
"B0051F8PSI","MTM Broadhead Box (Clear)"
"B005BE6A90","NFL- Logo Fathead"
"B00MASAYZ6","Ak/Sks Sling/Black Ncstar Aaksb"
"B00B9BHUZM","Magnetic Soccer Clipboard - Erasable White Board - Great For Coaches By Simply Sports"
"B00Y828X3M","KEDSUM Wireless Stereo Bluetooth 4.1 Noise Cancelling Earphones with Microphone - Black"
"B00I5LHOXM","TARGET DARTS Power 9Zero Steel Tip Dart"
"B00I0ZZ25A","GoSports Disc Slam"
"B00JM71PIS","2014 Susenstore 2pcs Punk Rock Fashion Jewelry Vintage Retro Exaggerated Blue Coffee Eye Ring"
"B00J3TZPKO","Nike 380969-023 Legend Dri-Fit Short Sleeve Tee - Youth - Grey/Catalina"
"B00C88JTYK","50 Pack - 12 inch Multi Bullseye - Splatterburst Shooting Targets - Gun - Rifle - Pistol - AirSoft - BB Gun - Pellet Gun - Air Rifle"
"B0050D1QTQ","Aurorae Printed Extra Thick 5mm and 72"" Long Premium Eco Safe Yoga Mat with Non Slip Rosin"
"B00OU6UPFK","Under Armour Women's Storm Recruit Backpack"
"B0053WU87U","A-Zoom Revolver Metal Snap Caps for 38-40 Winchester (6-Pack)"
